id,age,educate,income,vote,white
1,60,14.0,3.3458,1,1
2,51,10.0,1.8561,0,1
3,24,12.0,0.6304,0,1
4,38,8.0,3.4183,1,1
5,25,12.0,2.7852,1,1
6,67,12.0,2.3866,1,1
7,40,12.0,4.2857,0,1
8,56,10.0,9.3205,1,1
9,32,12.0,3.8797,1,1
10,75,16.0,2.7031,1,1
11,46,15.0,11.2307,1,1
12,52,12.0,8.6696,1,1
13,22,12.0,1.7443,0,1
14,60,12.0,0.2253,0,1
15,24,14.0,4.3348,1,1
16,30,10.0,0.7953,1,1
17,46,12.0,2.9072,1,1
18,69,9.0,1.1893,1,1
19,60,12.0,1.1277,1,0
20,34,12.0,0.5523,1,1
21,76,14.0,0.7294,1,1
22,29,12.0,4.3348,1,1
23,49,13.0,7.7751,1,1
24,29,14.0,3.1356,0,1
25,47,16.0,5.2331,1,1
26,39,16.0,10.0376,1,1
27,58,8.0,4.6408,1,1
28,44,12.0,3.7972,1,1
29,22,8.0,0.2071,0,1
30,31,12.0,11.2307,1,1
31,74,12.0,0.8236,1,1
32,40,12.0,4.4578,1,1
33,27,12.0,3.58,1,0
34,65,8.0,2.917,1,1
35,70,5.0,4.0702,1,0
36,34,12.0,3.3834,1,1
37,54,12.0,4.9624,1,1
38,23,7.0,3.2949,0,1
39,84,8.0,0.7294,0,1
40,37,16.0,5.9111,1,1
41,67,14.0,1.838,1,1
42,33,12.0,1.7443,1,0
43,22,12.0,3.7972,0,1
44,57,12.0,4.9624,1,1
45,26,11.0,4.669,1,1
46,23,12.0,3.3834,1,1
47,79,10.0,1.864,1,1
48,53,8.0,0.7953,1,1
49,25,12.0,5.8684,0,1
50,38,9.0,0.6765,0,0
51,68,8.0,2.7068,1,0
52,28,16.0,3.4183,1,1
53,43,15.0,2.8311,1,1
54,80,12.0,0.1727,0,1
55,31,12.0,2.3866,0,1
56,29,12.0,3.1676,1,1
57,37,13.0,4.3754,1,1
58,68,14.0,1.8429,0,1
59,50,12.0,13.3041,1,1
60,50,14.0,7.8949,0,1
61,37,13.0,0.6304,0,1
62,59,12.0,3.4183,1,1
63,35,16.0,3.58,1,1
64,35,15.0,7.0036,0,1
65,49,8.0,2.4811,1,1
66,44,16.0,9.3205,1,0
67,77,12.0,3.7435,1,1
68,22,10.0,1.4498,0,1
69,80,14.0,0.5813,1,1
70,48,11.0,7.0036,1,1
71,24,15.0,2.7722,1,1
72,42,16.0,7.5945,1,1
73,67,19.0,6.0903,1,1
74,42,10.0,1.2659,0,0
75,54,10.0,4.6408,1,1
76,45,12.0,5.2331,1,1
77,57,9.0,1.1277,1,1
78,46,12.0,0.4607,0,0
79,58,12.0,3.7972,1,1
80,76,4.0,2.5196,0,1
81,28,16.0,0.1936,1,1
82,41,10.0,5.2331,1,1
83,83,8.0,1.3131,0,1
84,47,12.0,5.2331,1,0
85,81,12.0,1.4498,1,1
86,59,8.0,3.3102,1,1
87,20,16.0,1.2094,1,0
88,45,8.0,1.8561,1,1
89,76,6.0,0.5813,0,1
90,53,9.0,4.9624,1,1
91,40,16.0,5.2331,1,0
92,38,12.0,4.6408,1,1
93,30,15.0,7.7751,1,1
94,29,19.0,2.522,1,1
95,72,12.0,0.4607,1,1
96,78,6.0,0.7568,1,1
97,65,13.0,3.7042,1,1
98,31,12.0,3.3558,1,1
99,21,12.0,4.8901,1,1
100,50,12.0,4.6408,1,1
101,25,12.0,4.4876,1,1
102,71,11.0,0.7294,1,0
103,49,14.0,7.7751,1,1
104,47,9.0,3.3458,1,1
105,37,13.0,2.2706,1,0
106,31,16.0,6.274,1,0
107,54,12.0,4.0702,1,1
108,40,16.0,6.7838,1,1
109,29,12.0,3.4183,1,1
110,42,12.0,7.0036,1,1
111,67,16.0,5.9469,1,1
112,69,12.0,4.2313,1,1
113,54,12.0,2.917,1,1
114,63,8.0,1.3566,1,1
115,45,8.0,8.7517,1,1
116,38,12.0,6.9491,1,1
117,64,10.0,4.3754,1,1
118,45,12.0,2.917,1,1
119,40,11.0,4.8901,0,1
120,27,14.0,3.58,1,1
121,31,11.0,6.3304,1,1
122,25,15.0,3.8606,1,1
123,35,12.0,2.5545,1,1
124,21,12.0,4.0702,1,1
125,55,12.0,8.3565,1,1
126,48,10.0,2.917,1,1
127,41,15.0,4.4876,1,1
128,43,6.0,1.4055,1,1
129,56,12.0,5.8684,1,1
130,44,12.0,5.8684,1,1
131,24,12.0,2.7722,0,1
132,58,6.0,0.6911,1,0
133,48,6.0,1.9045,1,1
134,35,12.0,5.9469,1,1
135,37,16.0,3.9394,0,1
136,31,13.0,5.3986,1,1
137,27,9.0,2.2092,0,1
138,28,13.0,10.0376,1,1
139,62,10.0,2.1885,0,1
140,66,12.0,2.7031,1,1
141,23,12.0,4.0006,0,1
142,44,19.0,11.8939,1,1
143,31,12.0,1.261,1,1
144,32,8.0,2.9072,1,1
145,23,12.0,2.1279,1,1
146,29,12.0,3.4183,0,0
147,59,12.0,2.5196,1,1
148,35,15.0,6.5589,1,1
149,38,5.0,1.4498,1,1
150,95,14.0,0.7594,1,1
151,22,12.0,0.253,0,0
152,48,10.0,1.4974,0,1
153,29,12.0,2.5196,1,1
154,62,8.0,2.9072,0,1
155,26,16.0,5.19,1,0
156,46,19.0,4.9624,1,1
157,36,12.0,2.7068,1,1
158,35,8.0,1.4055,1,1
159,40,15.0,13.6702,1,1
160,55,14.0,5.9111,1,1
161,27,12.0,1.8127,1,0
162,53,10.0,3.58,1,1
163,72,14.0,3.2949,1,1
164,38,12.0,3.46,0,1
165,83,8.0,0.7294,1,1
166,26,6.0,2.2788,1,1
167,30,12.0,4.0702,0,1
168,45,13.0,3.3102,1,1
169,27,14.0,6.6992,1,1
170,29,12.0,4.3348,0,1
171,27,12.0,2.8997,1,1
172,55,12.0,2.3866,1,1
173,27,12.0,1.8429,1,1
174,37,19.0,6.3352,1,1
175,87,12.0,0.6911,1,0
176,64,5.0,1.7723,1,1
177,79,7.0,1.838,1,1
178,60,12.0,2.5196,1,1
179,39,19.0,11.8939,0,1
180,64,14.0,4.6493,1,1
181,36,14.0,7.7751,1,1
182,35,12.0,3.3834,1,1
183,27,16.0,4.0702,1,1
184,28,14.0,4.0702,1,1
185,22,12.0,2.8311,0,1
186,60,12.0,4.4876,1,1
187,23,14.0,2.2706,0,1
188,66,8.0,0.2917,0,1
189,26,17.0,6.274,1,1
190,17,14.0,6.7838,1,1
191,51,19.0,8.4934,1,1
192,31,14.0,4.4578,0,1
193,74,9.0,1.0809,1,1
194,43,12.0,6.0903,1,1
195,32,19.0,7.5945,1,1
196,44,16.0,8.7517,1,1
197,26,14.0,5.2331,1,1
198,21,12.0,2.4868,1,1
199,26,15.0,5.19,0,1
200,51,12.0,5.8684,1,1
201,77,16.0,0.1544,1,0
202,48,12.0,4.2857,1,1
203,35,19.0,3.8797,1,1
204,81,12.0,1.3898,0,1
205,33,14.0,0.9457,0,1
206,64,12.0,4.3195,1,1
207,25,12.0,8.7517,1,1
208,31,14.0,5.8684,0,1
209,71,10.0,2.7031,1,0
210,32,9.0,1.2659,1,1
211,23,16.0,0.5523,0,0
212,24,12.0,11.6294,1,1
213,53,12.0,2.4811,1,1
214,39,12.0,2.8311,1,0
215,60,8.0,2.5196,0,1
216,42,13.0,1.2094,0,1
217,49,19.0,4.3195,1,1
218,26,12.0,3.8797,1,0
219,49,14.0,3.7435,1,1
220,30,19.0,4.8954,1,1
221,22,12.0,2.1319,0,1
222,29,12.0,3.4183,1,1
223,30,19.0,2.7068,1,1
224,23,11.0,1.0212,1,1
225,30,12.0,1.726,0,1
226,41,19.0,3.2449,1,1
227,59,12.0,4.6408,1,1
228,62,17.0,7.7751,1,1
229,24,9.0,3.7042,0,1
230,29,19.0,2.1885,1,1
231,34,6.0,1.7723,1,1
232,41,14.0,4.4876,1,1
233,69,12.0,2.4189,1,1
234,21,12.0,3.7972,1,1
235,39,16.0,11.6294,1,1
236,66,8.0,0.9457,1,1
237,84,5.0,0.9214,0,1
238,30,12.0,2.7722,0,1
239,25,15.0,0.1544,0,1
240,68,14.0,2.8311,1,1
241,26,19.0,3.0639999999999996,1,1
242,25,12.0,4.0702,1,0
243,71,10.0,0.8236,1,0
244,80,8.0,1.1839,1,1
245,76,8.0,0.253,1,1
246,28,16.0,2.7852,1,1
247,33,14.0,5.6622,1,1
248,69,8.0,2.7722,1,1
249,58,12.0,2.7031,1,1
250,23,16.0,1.3566,1,1
251,23,12.0,2.522,1,1
252,89,19.0,5.6622,1,1
253,71,7.0,1.0809,0,1
254,40,11.0,0.5523,1,1
255,43,12.0,2.5196,1,1
256,27,16.0,4.8954,1,1
257,22,12.0,1.8967,0,1
258,60,8.0,2.917,1,1
259,42,16.0,13.0045,1,1
260,56,12.0,3.7042,1,1
261,33,12.0,7.4874,1,0
262,32,12.0,2.4189,1,1
263,41,14.0,7.8949,1,1
264,24,16.0,3.4183,1,1
265,54,16.0,2.9072,1,1
266,23,12.0,0.7594,0,0
267,33,12.0,6.274,1,1
268,57,11.0,0.6177,1,1
269,31,14.0,2.1309,1,1
270,24,12.0,6.7838,1,1
271,60,19.0,8.7545,1,1
272,63,10.0,3.0639999999999996,1,1
273,22,10.0,0.1727,0,1
274,64,8.0,1.3131,0,1
275,33,19.0,5.2331,1,1
276,36,16.0,0.9457,1,1
277,52,12.0,4.669,1,1
278,50,14.0,4.3195,1,1
279,62,7.0,0.6765,0,1
280,46,16.0,11.2307,1,1
281,50,12.0,6.274,0,1
282,36,12.0,1.4498,0,1
283,30,16.0,11.8939,1,1
284,63,10.0,2.7031,1,1
285,43,7.0,2.3866,1,1
286,49,8.0,2.917,1,1
287,52,8.0,3.3834,1,0
288,45,12.0,7.8949,1,1
289,41,13.0,4.669,1,0
290,71,11.0,0.978,1,1
291,70,10.0,1.6049,1,1
292,52,8.0,6.0903,1,1
293,30,16.0,2.2788,0,1
294,83,8.0,0.7953,1,1
295,21,12.0,8.722000000000001,1,1
296,45,16.0,6.3304,1,1
297,63,10.0,0.2253,1,0
298,39,11.0,3.4183,1,1
299,33,12.0,4.4578,1,1
300,65,8.0,1.3566,1,1
301,33,16.0,5.1229,1,1
302,73,4.0,0.2649,1,1
303,39,12.0,7.8949,1,1
304,29,16.0,2.8311,1,1
305,55,13.0,4.2313,1,1
306,33,17.0,4.3348,1,1
307,25,12.0,0.9689,1,1
308,60,8.0,5.2331,1,1
309,38,14.0,6.9491,0,1
310,39,12.0,4.2857,1,1
311,36,16.0,2.4193,0,1
312,62,9.0,2.4868,1,1
313,35,16.0,4.4312,1,1
314,68,12.0,1.1893,1,1
315,77,3.0,2.2788,1,1
316,82,12.0,0.2649,1,1
317,34,10.0,4.0702,1,1
318,26,16.0,2.2706,1,1
319,27,12.0,4.4312,0,1
320,40,14.0,5.9111,1,1
321,29,12.0,4.0702,1,1
322,28,17.0,4.8954,1,1
323,32,16.0,11.6294,1,1
324,75,5.0,1.8967,1,1
325,50,12.0,1.7723,1,1
326,74,8.0,1.726,1,1
327,70,7.0,0.253,1,0
328,36,12.0,1.7723,1,0
329,44,19.0,4.3348,1,0
330,41,17.0,3.7972,1,1
331,62,6.0,2.917,1,1
332,36,12.0,5.19,1,1
333,32,14.0,4.8954,0,1
334,31,16.0,4.8954,1,0
335,39,14.0,4.4876,1,1
336,79,5.0,0.9457,0,1
337,51,8.0,3.1676,0,1
338,23,12.0,6.7838,1,1
339,25,10.0,3.4183,0,1
340,60,12.0,3.7435,1,1
341,67,14.0,7.5945,1,1
342,25,12.0,1.1046,0,0
343,37,16.0,6.9491,1,1
344,54,8.0,2.7068,0,0
345,21,8.0,1.3566,1,1
346,19,14.0,8.722000000000001,1,1
347,65,8.0,1.3131,0,0
348,44,11.0,5.2331,1,1
349,38,12.0,6.274,1,0
350,51,12.0,6.3304,1,1
351,30,12.0,3.7042,0,1
352,18,12.0,7.0036,1,1
353,48,10.0,7.8949,1,0
354,44,16.0,3.1676,1,0
355,53,12.0,5.19,0,1
356,84,12.0,1.655,1,1
357,60,9.0,3.6476,0,1
358,48,12.0,5.9111,0,1
359,23,16.0,2.9161,1,1
360,41,15.0,9.3205,1,1
361,52,12.0,4.6408,1,1
362,27,19.0,4.9624,1,1
363,29,16.0,11.2307,1,1
364,26,14.0,4.3195,1,1
365,68,3.0,1.0212,1,1
366,36,10.0,2.5196,0,1
367,60,8.0,1.3566,0,1
368,84,7.0,0.2364,1,1
369,67,19.0,11.8939,1,1
370,72,10.0,3.58,1,1
371,53,8.0,0.2071,1,0
372,60,12.0,3.3834,1,1
373,45,13.0,6.9491,1,1
374,66,12.0,6.7838,1,1
375,43,13.0,5.9111,1,1
376,37,12.0,2.917,1,1
377,67,8.0,0.9689,1,1
378,47,12.0,4.4312,1,1
379,92,12.0,0.1544,1,1
380,45,12.0,5.178,1,1
381,31,9.0,1.7723,0,1
382,21,13.0,2.8311,1,0
383,34,12.0,1.3246,1,1
384,38,19.0,4.8954,1,1
385,31,16.0,4.0702,1,0
386,38,12.0,4.4578,1,1
387,68,12.0,2.4193,1,0
388,59,5.0,0.2071,0,0
389,76,14.0,5.9469,1,1
390,51,12.0,6.0903,1,1
391,22,15.0,4.4876,1,0
392,52,14.0,4.4876,1,1
393,44,13.0,5.9469,1,1
394,31,14.0,1.261,0,1
395,73,12.0,2.2706,1,1
396,25,12.0,2.7722,1,1
397,37,19.0,11.8939,1,1
398,20,12.0,2.522,0,1
399,41,12.0,3.3458,0,1
400,61,11.0,2.7722,1,1
401,20,14.0,6.5589,1,1
402,53,12.0,1.5788,1,1
403,26,16.0,5.3986,1,1
404,24,13.0,2.0543,0,1
405,29,12.0,3.1676,1,1
406,42,9.0,1.3257,1,0
407,77,12.0,1.2868,1,1
408,29,12.0,4.4876,0,0
409,31,14.0,0.978,1,1
410,50,16.0,6.3304,1,1
411,57,14.0,4.4312,1,0
412,72,5.0,0.7594,1,0
413,54,17.0,10.0376,1,1
414,64,12.0,2.917,1,1
415,48,15.0,5.178,1,1
416,54,12.0,4.3348,0,1
417,46,13.0,4.0006,1,1
418,52,12.0,6.6298,1,1
419,29,7.0,1.4398,0,1
420,35,16.0,5.178,1,1
421,23,12.0,4.4312,1,1
422,26,12.0,1.3131,1,1
423,26,15.0,3.3458,1,1
424,23,10.0,1.4498,0,1
425,37,19.0,5.8684,1,1
426,61,12.0,3.3558,1,1
427,23,12.0,3.4183,1,1
428,37,12.0,3.9394,1,1
429,79,7.0,1.3131,0,1
430,32,12.0,5.6622,1,1
431,65,12.0,4.669,1,1
432,36,12.0,6.5589,1,1
433,29,14.0,8.3565,1,1
434,46,12.0,7.8949,1,1
435,24,11.0,1.6049,1,1
436,68,13.0,1.864,1,1
437,18,10.0,0.9457,0,0
438,31,10.0,2.4803,1,1
439,83,13.0,1.555,1,1
440,25,12.0,10.64,1,1
441,42,14.0,2.7031,1,0
442,27,12.0,1.3131,1,1
443,26,12.0,2.7852,1,1
444,21,12.0,2.7068,1,0
445,79,8.0,0.5813,1,1
446,45,12.0,8.6696,1,1
447,35,12.0,7.7751,1,1
448,30,16.0,6.274,1,1
449,56,10.0,1.1046,0,1
450,24,11.0,7.5945,1,0
451,44,14.0,13.0045,1,1
452,68,16.0,0.1544,1,0
453,57,15.0,4.8901,1,1
454,56,19.0,8.722000000000001,1,1
455,43,14.0,1.7443,1,1
456,65,12.0,1.7443,1,1
457,21,12.0,1.838,0,1
458,19,12.0,1.9703,1,1
459,36,12.0,3.3458,0,1
460,64,4.0,0.9457,0,0
461,29,10.0,1.1277,0,0
462,50,19.0,3.9394,0,1
463,63,12.0,1.261,1,1
464,74,19.0,3.1676,1,1
465,29,13.0,1.838,1,0
466,25,9.0,0.7953,1,1
467,26,16.0,6.3352,1,1
468,44,12.0,4.0702,0,1
469,27,12.0,2.5196,1,0
470,35,17.0,5.19,1,1
471,66,16.0,8.722000000000001,1,1
472,63,11.0,3.7042,0,0
473,29,0.5,2.9072,0,0
474,30,19.0,6.7838,1,1
475,37,12.0,3.6476,1,1
476,36,19.0,11.8939,0,0
477,28,14.0,2.522,1,1
478,30,12.0,1.726,0,1
479,51,17.0,7.0281,1,1
480,51,14.0,8.7545,1,1
481,41,9.0,4.0702,1,1
482,36,9.0,4.4578,1,1
483,50,8.0,3.4183,1,1
484,62,16.0,2.0299,1,1
485,19,14.0,3.6476,0,1
486,67,7.0,1.3257,1,1
487,39,12.0,3.3834,1,1
488,26,16.0,5.8684,1,1
489,65,17.0,11.2351,1,1
490,35,13.0,4.3348,1,1
491,26,12.0,4.669,1,1
492,45,12.0,4.4876,1,1
493,21,14.0,1.864,0,1
494,72,8.0,3.7042,1,1
495,21,12.0,1.6702,0,1
496,47,12.0,7.0281,1,1
497,46,16.0,7.7751,1,0
498,19,12.0,0.6304,1,1
499,46,10.0,1.3566,1,0
500,60,14.0,1.8429,1,1
501,83,4.0,0.6765,0,1
502,77,16.0,3.3558,1,1
503,64,8.0,6.3304,1,1
504,30,12.0,1.5788,1,0
505,40,16.0,3.3458,1,1
506,74,14.0,0.7594,1,1
507,70,14.0,2.7068,1,1
508,60,5.0,1.655,1,1
509,65,12.0,2.8311,1,1
510,34,14.0,2.917,1,0
511,27,12.0,5.3986,1,1
512,62,0.0,1.8561,1,1
513,29,14.0,4.8954,1,1
514,29,16.0,6.0903,1,1
515,42,12.0,3.58,1,1
516,40,19.0,5.2331,0,1
517,46,17.0,10.64,1,1
518,28,8.0,1.1893,0,1
519,18,12.0,0.1936,0,1
520,73,8.0,1.1277,1,1
521,55,12.0,3.58,1,1
522,66,3.0,1.3257,1,1
523,27,14.0,5.1229,1,1
524,29,16.0,5.178,1,1
525,47,12.0,2.3866,1,1
526,34,12.0,1.655,1,1
527,48,12.0,4.4578,1,1
528,21,12.0,6.3352,0,0
529,49,12.0,1.8127,1,1
530,39,12.0,6.3352,1,0
531,23,12.0,4.0702,1,1
532,51,10.0,3.3834,0,1
533,43,16.0,8.3565,1,1
534,31,8.0,2.4811,0,1
535,31,12.0,2.2706,0,1
536,36,16.0,5.6622,1,1
537,36,10.0,2.2788,1,1
538,41,12.0,4.3348,1,1
539,73,8.0,2.8997,1,1
540,63,12.0,0.9689,1,1
541,35,16.0,5.3986,0,0
542,40,16.0,6.274,1,1
543,52,19.0,13.3041,1,1
544,26,12.0,7.0281,0,1
545,33,19.0,2.7068,1,0
546,34,12.0,7.8949,1,1
547,76,7.0,1.2659,0,0
548,22,16.0,4.4312,1,1
549,46,7.0,0.5523,1,0
550,22,12.0,4.0006,0,1
551,57,12.0,6.7838,1,1
552,48,16.0,2.1309,1,1
553,41,14.0,5.4713,1,1
554,30,12.0,5.6622,0,1
555,37,10.0,2.9072,1,1
556,72,8.0,3.3834,1,1
557,56,8.0,1.2659,1,1
558,28,8.0,0.5813,0,0
559,43,8.0,3.58,1,1
560,65,14.0,2.1885,1,1
561,53,8.0,3.4183,1,0
562,20,13.0,5.1229,1,1
563,26,6.0,1.7443,0,1
564,73,16.0,6.6992,1,1
565,33,10.0,4.669,0,1
566,40,19.0,4.4876,1,1
567,65,8.0,0.5813,0,1
568,48,8.0,6.0903,1,1
569,33,10.0,2.9161,1,1
570,74,7.0,2.3866,1,1
571,24,11.0,2.917,0,1
572,21,14.0,6.7838,1,1
573,35,12.0,4.8901,0,1
574,26,8.0,2.1309,1,1
575,28,13.0,1.8967,0,1
576,33,13.0,1.3898,1,1
577,24,14.0,5.2331,1,1
578,49,19.0,4.3754,1,1
579,71,12.0,4.0702,1,1
580,41,11.0,2.5196,0,1
581,88,8.0,2.2856,1,1
582,83,3.0,4.0702,0,0
583,46,12.0,2.917,1,1
584,37,11.0,6.6298,1,1
585,37,8.0,1.6472,0,1
586,42,12.0,5.1229,0,1
587,72,8.0,1.7443,1,1
588,37,12.0,5.1229,0,1
589,35,4.0,3.4183,1,0
590,75,12.0,1.8429,1,1
591,63,12.0,3.2949,1,1
592,32,11.0,0.2364,0,0
593,54,3.0,1.8561,1,0
594,47,16.0,6.7838,1,1
595,37,12.0,8.3565,0,0
596,48,12.0,0.6304,0,1
597,34,10.0,2.1309,0,1
598,23,15.0,1.3131,0,1
599,48,12.0,3.7042,1,1
600,52,14.0,7.5945,1,1
601,18,12.0,4.669,0,1
602,38,12.0,4.6408,1,1
603,29,16.0,3.7435,1,1
604,25,16.0,5.1229,1,1
605,55,14.0,6.7838,1,1
606,78,1.0,1.1046,0,1
607,78,17.0,5.4713,1,0
608,30,16.0,12.4066,1,1
609,68,8.0,1.7443,1,1
610,38,12.0,2.2706,1,1
611,48,12.0,6.7838,1,1
612,66,5.0,0.5523,0,0
613,36,13.0,7.5945,1,1
614,24,16.0,1.5879,1,1
615,43,8.0,3.3834,1,1
616,49,12.0,3.58,1,1
617,82,12.0,1.0809,1,1
618,49,11.0,5.9469,1,1
619,22,12.0,1.0212,1,1
620,39,12.0,3.7972,1,1
621,63,11.0,1.7723,1,1
622,62,8.0,0.5523,1,1
623,41,12.0,2.8311,1,1
624,79,7.0,5.2331,0,1
625,79,8.0,0.7594,0,1
626,33,12.0,3.58,1,1
627,65,6.0,0.2649,0,0
628,32,16.0,7.0036,1,1
629,33,12.0,6.6992,1,1
630,29,16.0,7.7751,1,1
631,80,16.0,1.3898,1,1
632,36,12.0,6.7838,1,1
633,48,12.0,2.9161,1,1
634,25,12.0,2.522,1,1
635,33,14.0,6.5589,1,1
636,24,12.0,3.3834,1,1
637,59,8.0,1.4055,0,1
638,32,10.0,5.9469,1,1
639,24,11.0,5.4713,1,1
640,25,8.0,2.7852,0,0
641,47,12.0,3.7435,1,1
642,60,14.0,2.4189,1,1
643,38,8.0,1.3566,0,1
644,34,17.0,13.3041,1,0
645,46,19.0,8.3565,1,1
646,25,12.0,6.3304,1,1
647,67,5.0,0.2253,1,0
648,41,14.0,4.3195,1,1
649,31,12.0,4.9624,1,0
650,34,12.0,8.4934,1,0
651,24,12.0,1.4055,0,1
652,29,17.0,2.7722,0,1
653,40,12.0,1.3566,1,0
654,46,10.0,3.8606,0,1
655,23,16.0,4.8954,1,1
656,26,16.0,4.0702,1,1
657,55,14.0,5.6622,1,1
658,56,17.0,11.3918,1,1
659,21,12.0,0.9457,1,0
660,54,12.0,0.8284,1,1
661,42,12.0,4.4312,1,1
662,41,13.0,5.4713,1,1
663,31,12.0,3.7435,1,1
664,33,10.0,1.5788,1,0
665,27,15.0,2.0021,1,1
666,52,12.0,3.3834,1,1
667,75,14.0,3.7435,1,1
668,46,9.0,6.0903,1,1
669,21,12.0,4.0702,1,0
670,36,14.0,4.4578,1,1
671,37,13.0,6.9491,1,1
672,58,14.0,1.4398,1,1
673,53,16.0,7.0036,1,1
674,88,6.0,4.3754,0,1
675,35,10.0,2.7852,1,1
676,50,12.0,6.0903,1,1
677,25,12.0,5.9469,0,0
678,32,8.0,1.2868,1,0
679,72,12.0,7.5945,1,1
680,19,12.0,0.6304,1,1
681,68,8.0,0.6765,1,1
682,76,8.0,0.9457,0,1
683,58,7.0,3.3458,1,1
684,37,16.0,4.3754,1,1
685,40,12.0,11.8908,1,1
686,70,14.0,3.1676,1,1
687,31,12.0,9.5029,1,1
688,64,16.0,1.1046,1,1
689,61,15.0,7.7751,1,0
690,28,11.0,2.1885,1,1
691,25,12.0,4.3348,1,1
692,45,16.0,4.6408,1,1
693,31,9.0,0.5813,1,0
694,28,12.0,2.3866,0,1
695,61,7.0,6.3304,0,1
696,26,12.0,6.0903,1,1
697,62,12.0,6.6992,1,1
698,63,12.0,1.1893,0,1
699,26,12.0,1.6049,0,1
700,37,14.0,4.4312,1,1
701,80,10.0,0.973,1,1
702,27,12.0,2.3866,1,1
703,81,8.0,2.1319,0,1
704,22,10.0,2.4189,0,1
705,32,12.0,2.9161,0,1
706,19,12.0,6.6992,1,1
707,49,16.0,11.8908,1,0
708,51,10.0,0.0,0,0
709,66,9.0,3.3834,1,1
710,36,12.0,0.1544,1,1
711,26,14.0,2.1619,1,0
712,73,12.0,0.5813,1,1
713,71,4.0,0.253,1,1
714,53,19.0,11.2351,1,1
715,65,10.0,2.1619,0,1
716,65,8.0,0.9214,0,1
717,23,12.0,3.9394,1,1
718,29,12.0,2.1279,1,1
719,81,7.0,1.0212,0,1
720,55,11.0,1.4398,0,1
721,32,13.0,1.6472,1,1
722,62,13.0,3.6476,1,1
723,37,15.0,2.4193,0,1
724,34,10.0,0.978,0,0
725,45,12.0,4.9624,1,1
726,35,10.0,2.0299,1,1
727,33,14.0,5.2331,1,1
728,57,12.0,6.6992,1,1
729,45,8.0,0.6911,0,1
730,39,3.0,2.7852,0,0
731,66,13.0,2.4193,1,1
732,63,14.0,2.1319,1,1
733,36,19.0,4.6493,1,1
734,28,11.0,0.7594,0,1
735,56,11.0,2.7068,1,0
736,24,16.0,3.7972,1,1
737,30,9.0,3.4183,0,1
738,28,12.0,4.4312,1,0
739,45,19.0,7.8949,1,1
740,53,19.0,11.8939,1,1
741,33,12.0,3.8797,1,1
742,24,16.0,1.8967,1,1
743,25,12.0,6.0903,0,0
744,48,12.0,3.2949,1,1
745,36,12.0,13.6702,1,1
746,51,12.0,6.0903,1,1
747,51,12.0,3.8797,0,0
748,30,12.0,4.9624,0,1
749,64,16.0,1.4927,1,1
750,63,12.0,2.8997,1,1
751,22,14.0,2.7852,1,1
752,46,12.0,0.4607,1,1
753,37,17.0,1.8429,1,1
754,25,19.0,2.4811,1,1
755,33,14.0,0.253,1,0
756,55,13.0,8.7545,1,1
757,45,9.0,3.58,1,1
758,32,16.0,3.3458,1,1
759,21,13.0,0.2071,1,0
760,23,11.0,2.7031,0,1
761,72,11.0,1.3566,1,1
762,64,6.0,1.3566,1,1
763,85,7.0,2.1319,1,1
764,40,16.0,4.4312,1,1
765,28,11.0,1.8967,1,1
766,48,14.0,7.0281,1,1
767,43,10.0,4.4312,1,1
768,76,9.0,1.0212,1,1
769,55,19.0,2.4189,1,1
770,29,12.0,3.7042,0,1
771,35,10.0,0.6765,1,0
772,48,12.0,0.1727,0,1
773,21,15.0,6.274,0,1
774,18,12.0,3.7972,0,1
775,46,12.0,8.7545,1,1
776,59,12.0,4.669,1,1
777,37,12.0,4.669,0,1
778,27,16.0,6.0903,1,1
779,70,10.0,2.7852,1,1
780,27,16.0,2.8311,1,1
781,52,14.0,6.3304,1,1
782,54,14.0,4.669,1,1
783,48,16.0,13.3041,1,0
784,54,12.0,4.4312,1,1
785,40,12.0,3.2449,0,1
786,77,12.0,0.1936,1,1
787,43,16.0,4.8954,1,1
788,76,16.0,0.7568,1,1
789,67,12.0,1.1046,1,1
790,67,12.0,1.7443,1,1
791,44,3.0,0.2253,0,0
792,55,6.0,0.1727,0,1
793,64,7.0,1.1277,1,1
794,59,14.0,8.4934,1,1
795,70,15.0,0.7294,1,0
796,60,12.0,7.0281,1,1
797,56,6.0,0.6765,1,1
798,36,13.0,5.1229,1,1
799,32,14.0,1.864,1,0
800,43,14.0,0.6177,1,1
801,36,16.0,2.522,1,1
802,78,12.0,1.9045,1,1
803,66,8.0,1.5788,1,1
804,37,16.0,11.6294,1,1
805,34,17.0,2.9193,1,1
806,35,12.0,3.3102,0,1
807,32,13.0,2.7068,1,1
808,78,12.0,1.7443,1,1
809,64,10.0,2.5196,0,1
810,80,12.0,2.7852,1,1
811,39,12.0,2.4811,1,1
812,28,12.0,1.3566,1,1
813,36,12.0,1.6702,0,0
814,60,12.0,4.0702,1,1
815,41,12.0,5.178,0,1
816,30,12.0,2.9193,1,1
817,48,12.0,8.4934,1,1
818,81,3.0,0.253,1,1
819,65,12.0,3.7435,1,1
820,31,19.0,0.2917,0,1
821,18,12.0,6.274,1,1
822,23,12.0,0.6911,0,1
823,35,13.0,4.8954,1,1
824,57,6.0,2.522,1,1
825,25,14.0,1.9703,1,0
826,47,10.0,12.4066,1,1
827,29,17.0,6.9491,0,0
828,23,12.0,3.7042,0,1
829,51,12.0,2.7852,0,1
830,46,12.0,0.8236,1,1
831,64,4.0,1.8561,1,1
832,61,3.0,1.1893,0,0
833,82,16.0,7.0281,1,1
834,61,8.0,0.4607,0,0
835,61,16.0,11.8939,1,1
836,33,11.0,2.2706,0,0
837,30,14.0,2.2856,1,1
838,32,15.0,5.4713,1,1
839,40,8.0,1.8561,0,1
840,66,1.0,0.2253,0,0
841,32,16.0,6.9491,1,1
842,27,12.0,3.3834,1,1
843,61,19.0,6.9491,1,0
844,62,8.0,5.1229,0,1
845,23,12.0,2.7852,1,1
846,59,12.0,6.0903,1,1
847,75,8.0,1.2094,1,1
848,31,12.0,4.4312,1,1
849,62,12.0,3.3458,1,1
850,57,11.0,2.1279,1,1
851,29,12.0,4.669,0,0
852,44,9.0,0.6177,0,0
853,37,10.0,1.5788,0,0
854,28,12.0,7.7751,1,1
855,26,19.0,4.6493,1,1
856,54,12.0,4.2857,0,1
857,43,13.0,5.19,1,1
858,38,19.0,3.58,1,0
859,60,10.0,11.3918,1,1
860,50,19.0,14.9247,1,1
861,28,9.0,2.3866,1,1
862,54,3.0,2.917,1,1
863,70,7.0,2.0021,0,1
864,42,8.0,2.3866,1,1
865,38,12.0,5.178,0,1
866,31,12.0,2.7852,1,0
867,24,9.0,0.7594,0,0
868,55,12.0,8.722000000000001,1,1
869,31,15.0,4.3195,1,1
870,24,14.0,2.3866,1,1
871,24,16.0,4.4876,0,1
872,74,10.0,0.7953,0,1
873,55,12.0,4.8901,1,1
874,28,12.0,3.6476,1,1
875,40,13.0,3.7972,1,1
876,47,19.0,10.1506,1,1
877,46,6.0,0.7294,1,0
878,21,8.0,2.5196,0,1
879,30,16.0,3.2949,0,1
880,31,16.0,1.261,1,1
881,21,12.0,1.0212,0,0
882,59,8.0,4.6493,1,1
883,42,12.0,6.3304,1,1
884,50,11.0,5.9469,0,1
885,51,10.0,1.838,0,1
886,38,12.0,3.8797,1,1
887,64,13.0,4.4876,1,0
888,60,14.0,4.8901,1,1
889,64,12.0,6.9491,1,1
890,40,19.0,11.2351,1,1
891,36,12.0,1.9703,0,1
892,67,11.0,3.1356,1,1
893,30,12.0,4.669,0,1
894,29,13.0,2.4189,1,1
895,30,12.0,8.7545,0,1
896,30,13.0,1.2094,1,1
897,21,12.0,3.2449,1,1
898,39,12.0,5.2331,1,1
899,39,12.0,4.9624,1,1
900,68,13.0,2.522,1,1
901,55,12.0,6.0903,1,1
902,77,10.0,0.253,0,1
903,38,13.0,3.0639999999999996,1,0
904,42,12.0,2.4193,0,1
905,42,19.0,13.3041,1,1
906,80,8.0,1.261,0,1
907,20,14.0,2.7722,0,0
908,51,10.0,4.2313,1,1
909,60,10.0,2.7852,1,1
910,42,12.0,8.722000000000001,1,1
911,27,13.0,4.0006,0,1
912,47,12.0,6.274,1,1
913,48,12.0,2.4193,1,1
914,61,10.0,1.8429,0,1
915,58,12.0,2.9072,1,1
916,36,11.0,3.4183,0,1
917,34,11.0,2.2706,0,0
918,45,16.0,7.8949,1,1
919,70,12.0,3.2949,1,1
920,22,12.0,0.6304,0,0
921,72,8.0,1.7443,1,1
922,25,12.0,2.9072,0,1
923,18,9.0,0.7294,0,1
924,21,13.0,3.7042,0,1
925,39,19.0,8.7517,1,1
926,20,13.0,0.8284,0,1
927,53,8.0,4.669,1,1
928,35,14.0,5.2331,1,0
929,19,14.0,2.9072,1,1
930,24,12.0,3.4183,1,1
931,35,12.0,3.2449,1,1
932,78,16.0,1.4498,1,1
933,27,12.0,4.4578,1,1
934,46,14.0,6.0903,1,1
935,72,3.0,0.6765,1,0
936,64,12.0,1.0212,1,1
937,62,12.0,1.7443,1,1
938,48,16.0,2.8997,1,1
939,53,7.0,0.5405,1,0
940,83,12.0,1.9045,1,0
941,38,14.0,4.3348,1,1
942,81,5.0,0.7294,1,1
943,39,12.0,3.4183,1,1
944,32,8.0,3.58,0,1
945,65,12.0,3.7435,1,1
946,64,12.0,3.3458,1,1
947,52,12.0,2.7852,1,1
948,28,10.0,1.655,0,1
949,56,12.0,2.4803,1,1
950,51,12.0,4.4312,1,1
951,50,10.0,2.917,1,1
952,22,12.0,2.2706,1,1
953,31,14.0,3.58,1,1
954,22,8.0,0.5813,0,0
955,37,19.0,5.1229,1,1
956,39,12.0,3.58,1,1
957,47,17.0,0.6177,1,1
958,35,14.0,8.722000000000001,1,1
959,43,19.0,3.3458,1,1
960,28,14.0,2.4803,1,1
961,32,14.0,3.46,1,1
962,67,8.0,2.1885,1,1
963,54,12.0,11.8939,1,1
964,33,13.0,0.2162,1,1
965,28,12.0,2.7722,1,1
966,60,11.0,0.8236,0,1
967,43,12.0,5.6622,1,1
968,25,13.0,3.3102,0,1
969,44,16.0,8.7517,1,1
970,76,8.0,0.253,1,1
971,49,0.5,1.3566,1,0
972,65,12.0,0.9457,1,1
973,22,12.0,3.7042,1,1
974,35,16.0,11.2307,0,1
975,26,14.0,3.7435,1,0
976,29,12.0,0.9457,1,1
977,26,16.0,7.0281,1,1
978,61,12.0,6.5589,1,1
979,50,12.0,2.7852,1,1
980,24,12.0,1.261,1,1
981,64,12.0,2.4811,1,1
982,34,14.0,4.2857,1,0
983,33,12.0,4.6493,1,1
984,28,12.0,2.4811,1,1
985,33,11.0,1.5788,0,0
986,21,14.0,6.6992,1,1
987,49,14.0,5.178,1,1
988,54,12.0,0.9457,1,1
989,84,7.0,0.8236,0,0
990,43,12.0,5.2331,1,1
991,33,12.0,3.3558,1,0
992,24,9.0,0.2364,0,1
993,28,16.0,2.4803,1,1
994,43,19.0,9.3205,1,0
995,63,12.0,0.6304,1,1
996,44,14.0,8.3565,1,0
997,44,13.0,7.0036,1,0
998,42,13.0,2.2092,0,1
999,27,14.0,8.7545,1,1
1000,23,13.0,3.46,0,1
1001,65,13.0,4.8901,1,1
1002,32,12.0,5.3986,1,1
1003,78,0.5,0.9689,0,1
1004,27,17.0,2.8311,0,0
1005,46,12.0,3.4183,1,1
1006,33,15.0,7.4874,1,1
1007,41,12.0,4.4312,1,1
1008,50,6.0,1.2659,1,1
1009,64,17.0,7.5945,1,1
1010,56,7.0,6.6992,1,1
1011,48,13.0,8.7545,0,1
1012,59,8.0,3.0639999999999996,1,1
1013,44,12.0,3.3834,1,1
1014,31,12.0,6.3304,1,1
1015,50,8.0,7.0036,1,1
1016,40,14.0,2.7031,1,0
1017,31,13.0,3.7042,1,1
1018,44,12.0,4.4312,1,1
1019,48,16.0,4.9624,1,1
1020,40,9.0,0.8284,0,1
1021,42,12.0,2.3866,1,1
1022,77,13.0,1.6049,1,1
1023,28,14.0,1.0942,0,1
1024,23,12.0,4.4312,0,1
1025,49,17.0,1.6472,1,1
1026,64,12.0,1.8967,0,1
1027,62,8.0,4.669,0,1
1028,30,14.0,3.2949,1,1
1029,33,12.0,5.3986,0,1
1030,52,16.0,0.1936,1,1
1031,61,3.0,1.3131,0,0
1032,45,12.0,2.1319,1,1
1033,25,12.0,4.4312,0,1
1034,64,10.0,1.3131,1,1
1035,53,10.0,9.1907,0,1
1036,66,16.0,2.4803,1,1
1037,42,16.0,5.1229,1,1
1038,52,11.0,1.5788,1,1
1039,45,12.0,4.3754,1,1
1040,75,9.0,1.1277,1,1
1041,32,17.0,4.4876,1,0
1042,48,11.0,6.9491,0,1
1043,74,3.0,3.4183,0,0
1044,64,12.0,3.8606,1,1
1045,82,3.0,0.9214,0,0
1046,51,12.0,1.4398,0,0
1047,52,12.0,4.4312,1,1
1048,89,12.0,0.7294,0,1
1049,75,16.0,0.7953,1,1
1050,65,12.0,14.9247,1,1
1051,62,11.0,1.2659,1,1
1052,43,7.0,2.4811,1,0
1053,82,8.0,0.8284,1,1
1054,28,13.0,4.6493,0,0
1055,42,11.0,1.8561,0,0
1056,48,14.0,2.3866,1,1
1057,39,14.0,5.9469,1,1
1058,35,8.0,3.58,0,1
1059,25,14.0,2.7852,0,1
1060,63,12.0,1.0942,1,1
1061,41,9.0,1.6218,0,1
1062,76,11.0,1.2868,1,1
1063,59,14.0,4.2857,0,1
1064,71,6.0,0.2649,1,1
1065,38,11.0,2.8311,0,1
1066,68,10.0,1.8429,0,1
1067,68,7.0,0.9689,0,1
1068,34,16.0,3.8606,1,1
1069,67,0.0,1.1277,1,1
1070,45,8.0,1.3257,1,1
1071,37,14.0,2.2788,1,1
1072,31,17.0,3.7435,1,1
1073,34,19.0,3.6476,1,1
1074,62,13.0,2.5545,1,1
1075,32,16.0,5.9469,1,1
1076,54,16.0,8.3565,1,1
1077,83,8.0,5.2331,1,1
1078,70,12.0,1.4927,0,1
1079,54,12.0,1.726,1,1
1080,52,10.0,3.4183,1,1
1081,25,14.0,0.7568,1,1
1082,26,10.0,0.9457,0,1
1083,22,12.0,0.8284,1,0
1084,33,17.0,2.8997,1,1
1085,34,6.0,1.1277,1,1
1086,65,12.0,0.7594,0,1
1087,44,11.0,0.7594,1,0
1088,62,5.0,1.1277,0,1
1089,65,14.0,2.7068,1,1
1090,64,16.0,5.8684,1,1
1091,51,8.0,0.253,1,0
1092,40,12.0,6.0903,1,1
1093,45,12.0,6.7838,1,1
1094,31,12.0,6.7838,1,1
1095,49,12.0,6.7838,1,1
1096,22,12.0,3.4183,0,1
1097,29,12.0,6.7838,1,1
1098,34,15.0,8.6696,0,1
1099,52,12.0,1.8561,1,1
1100,47,19.0,1.6218,1,1
1101,48,7.0,1.2094,0,1
1102,79,12.0,0.2162,1,1
1103,34,13.0,6.3352,1,1
1104,22,13.0,2.1309,1,1
1105,80,0.0,0.2917,1,0
1106,52,14.0,4.2857,1,1
1107,31,12.0,4.0702,1,1
1108,78,4.0,3.7972,1,1
1109,40,11.0,2.2788,0,0
1110,43,19.0,11.2351,1,1
1111,77,12.0,2.5545,1,1
1112,38,12.0,2.1309,1,1
1113,47,11.0,2.5196,1,1
1114,36,12.0,1.4398,1,1
1115,26,16.0,4.4876,1,1
1116,38,12.0,2.4803,1,1
1117,38,12.0,5.8684,1,1
1118,39,14.0,7.5945,1,1
1119,59,10.0,2.917,1,1
1120,30,9.0,1.8561,1,1
1121,44,11.0,0.6304,1,0
1122,29,12.0,1.3566,1,0
1123,21,11.0,0.6765,1,1
1124,59,11.0,7.5945,0,0
1125,62,9.0,1.8967,1,1
1126,36,10.0,2.0299,0,1
1127,22,14.0,5.1229,1,1
1128,41,12.0,6.3304,1,1
1129,19,12.0,2.4868,1,1
1130,58,9.0,1.8561,1,1
1131,52,19.0,9.5029,1,1
1132,28,13.0,3.8606,0,1
1133,24,19.0,3.46,1,1
1134,46,19.0,11.8939,1,1
1135,24,12.0,3.7042,0,0
1136,48,12.0,8.3565,1,1
1137,72,0.0,0.7953,0,0
1138,43,14.0,6.3304,1,0
1139,28,14.0,3.58,1,1
1140,28,14.0,0.9457,0,1
1141,87,14.0,7.5945,1,1
1142,53,10.0,7.0036,1,1
1143,27,14.0,5.178,1,1
1144,31,19.0,9.5029,1,1
1145,36,16.0,8.7517,1,1
1146,58,16.0,6.3304,1,0
1147,61,12.0,5.9111,1,1
1148,65,14.0,6.6298,1,1
1149,59,4.0,2.7852,1,1
1150,60,12.0,2.1309,1,1
1151,31,16.0,7.0036,0,1
1152,70,12.0,1.9045,1,1
1153,49,14.0,10.0376,1,1
1154,76,19.0,1.2094,1,1
1155,66,10.0,1.1277,1,1
1156,28,13.0,2.1885,1,1
1157,38,16.0,8.3565,1,1
1158,21,14.0,1.1277,1,1
1159,31,12.0,6.3304,1,1
1160,47,17.0,11.8908,1,1
1161,32,12.0,4.6493,1,1
1162,32,12.0,0.2364,0,1
1163,54,8.0,5.9469,1,1
1164,56,12.0,5.2331,1,1
1165,28,12.0,2.9072,1,1
1166,40,12.0,5.2331,1,1
1167,58,5.0,0.2649,0,0
1168,48,16.0,7.8949,1,1
1169,45,12.0,3.3834,1,1
1170,53,14.0,11.2351,1,1
1171,22,14.0,2.9072,1,1
1172,21,12.0,4.4312,0,1
1173,87,16.0,3.8606,1,1
1174,75,7.0,2.0299,1,1
1175,71,12.0,1.9703,1,1
1176,70,17.0,4.2313,1,1
1177,67,15.0,1.838,1,1
1178,38,8.0,2.4803,1,1
1179,84,8.0,1.6049,1,1
1180,65,12.0,1.6049,1,1
1181,72,12.0,7.0036,1,1
1182,48,19.0,13.6702,1,1
1183,30,12.0,6.3304,0,1
1184,67,5.0,0.1544,1,1
1185,60,17.0,1.1893,1,0
1186,46,12.0,2.2788,1,1
1187,28,12.0,2.917,1,1
1188,34,13.0,6.5589,1,1
1189,18,13.0,0.9214,1,1
1190,70,11.0,1.7723,1,1
1191,22,10.0,0.2253,1,0
1192,75,12.0,1.5788,1,0
1193,47,10.0,3.1676,0,1
1194,49,12.0,3.7972,1,1
1195,40,12.0,5.8684,1,1
1196,32,15.0,4.4876,1,1
1197,79,5.0,0.7594,0,1
1198,30,12.0,3.4183,1,1
1199,28,16.0,6.5589,1,1
1200,41,12.0,1.8429,0,1
1201,21,11.0,0.7568,1,0
1202,44,12.0,3.7435,1,1
1203,64,8.0,0.5813,0,1
1204,33,8.0,2.1885,1,1
1205,26,11.0,1.261,1,1
1206,59,8.0,0.8284,1,0
1207,54,19.0,5.178,1,1
1208,31,12.0,2.9161,0,1
1209,22,14.0,6.0903,1,1
1210,45,16.0,7.8949,1,1
1211,33,10.0,2.9072,0,1
1212,35,12.0,3.46,1,1
1213,47,10.0,5.9111,1,1
1214,52,5.0,2.9072,0,1
1215,33,19.0,5.6622,1,1
1216,22,11.0,5.4713,0,1
1217,27,11.0,4.8954,1,0
1218,80,12.0,3.3458,1,0
1219,42,10.0,2.9161,0,1
1220,33,11.0,1.6702,0,0
1221,64,8.0,1.8967,1,1
1222,54,14.0,3.2949,1,1
1223,82,8.0,1.0212,0,1
1224,54,14.0,6.5589,1,1
1225,50,12.0,8.3565,1,1
1226,21,12.0,7.5945,0,1
1227,36,12.0,1.0942,0,0
1228,26,12.0,4.6408,1,1
1229,22,14.0,1.1277,0,1
1230,28,12.0,5.3986,1,1
1231,62,10.0,2.3866,1,0
1232,22,12.0,1.7723,1,1
1233,68,5.0,1.3257,1,1
1234,54,9.0,9.1907,1,0
1235,29,12.0,4.0702,0,0
1236,54,12.0,3.58,1,1
1237,48,8.0,11.8939,0,1
1238,24,12.0,0.2364,0,1
1239,50,12.0,11.8939,0,1
1240,39,16.0,8.722000000000001,1,1
1241,40,12.0,1.864,0,1
1242,70,0.0,1.7723,1,1
1243,60,6.0,1.8967,1,0
1244,25,16.0,2.4189,1,1
1245,67,19.0,11.2307,1,1
1246,32,5.0,1.864,1,1
1247,51,10.0,3.8797,1,1
1248,69,8.0,2.4193,1,1
1249,49,12.0,0.2071,1,1
1250,26,10.0,2.1885,0,0
1251,47,12.0,5.2331,1,1
1252,48,10.0,1.5788,0,0
1253,65,12.0,2.4189,1,1
1254,40,9.0,6.7838,0,0
1255,63,12.0,2.4193,1,1
1256,41,12.0,6.274,1,0
1257,50,5.0,2.5545,0,1
1258,40,12.0,4.0702,1,1
1259,32,9.0,3.2949,1,0
1260,80,11.0,0.2649,0,1
1261,25,16.0,7.4874,0,1
1262,59,9.0,4.0702,0,0
1263,41,16.0,7.7751,1,1
1264,21,14.0,0.6765,1,1
1265,35,14.0,1.2868,1,1
1266,40,12.0,5.3986,1,1
1267,46,12.0,7.8949,1,1
1268,30,16.0,4.4312,1,1
1269,78,17.0,4.3348,1,1
1270,18,10.0,3.1356,0,1
1271,45,12.0,0.4607,1,0
1272,50,12.0,4.669,1,1
1273,42,19.0,11.2351,1,1
1274,28,12.0,6.3352,1,1
1275,38,14.0,2.9161,1,0
1276,38,14.0,4.3348,0,1
1277,74,10.0,0.7294,1,1
1278,33,16.0,10.0376,0,1
1279,51,12.0,7.7751,1,1
1280,46,19.0,3.1676,1,1
1281,65,19.0,11.6294,1,0
1282,52,11.0,0.7594,1,0
1283,82,10.0,0.9689,1,1
1284,39,14.0,11.2351,1,1
1285,83,7.0,1.2094,0,1
1286,35,12.0,6.7838,1,1
1287,56,12.0,5.3986,1,1
1288,22,12.0,1.3117,1,0
1289,74,4.0,1.3257,1,1
1290,26,14.0,7.0281,0,1
1291,71,16.0,3.7042,1,1
1292,51,12.0,2.0021,0,0
1293,36,17.0,11.8908,1,1
1294,59,12.0,1.4974,1,1
1295,35,12.0,4.3195,1,1
1296,51,12.0,9.3205,1,1
1297,66,6.0,1.3566,0,1
1298,61,8.0,0.7594,0,1
1299,39,19.0,9.3205,1,0
1300,24,14.0,5.1229,1,1
1301,41,14.0,2.1309,0,0
1302,28,13.0,2.9161,1,1
1303,24,16.0,5.3986,1,0
1304,37,16.0,3.9394,1,1
1305,71,8.0,1.261,1,0
1306,20,14.0,3.2949,0,0
1307,50,5.0,7.5945,1,1
1308,57,10.0,4.2313,1,1
1309,67,16.0,6.274,1,1
1310,28,10.0,2.3866,1,1
1311,58,10.0,1.1046,1,1
1312,34,16.0,3.6476,0,1
1313,41,19.0,5.9469,1,1
1314,52,12.0,0.8284,1,0
1315,20,12.0,4.4876,0,1
1316,25,14.0,3.3834,1,1
1317,45,15.0,4.3348,1,1
1318,81,8.0,0.2649,0,1
1319,20,12.0,3.3102,0,1
1320,60,12.0,7.5945,0,1
1321,88,9.0,0.6177,1,1
1322,57,16.0,4.0702,1,1
1323,45,15.0,9.1907,1,1
1324,61,8.0,2.917,1,1
1325,60,8.0,0.6765,0,1
1326,47,14.0,6.7838,1,1
1327,56,5.0,0.7953,1,1
1328,54,9.0,3.8606,0,1
1329,62,14.0,2.3866,1,1
1330,48,15.0,6.9491,1,1
1331,39,14.0,3.8606,1,1
1332,23,12.0,2.7722,1,1
1333,24,16.0,6.7838,1,1
1334,45,14.0,5.178,1,0
1335,26,16.0,2.9072,1,1
1336,23,12.0,1.6049,1,1
1337,72,8.0,2.0021,1,1
1338,47,12.0,5.2331,1,1
1339,35,14.0,8.7517,1,1
1340,35,17.0,2.4803,1,0
1341,29,14.0,1.6049,1,1
1342,51,12.0,2.7852,0,1
1343,26,12.0,1.6049,0,1
1344,42,12.0,4.0702,1,1
1345,77,9.0,1.7443,0,1
1346,41,16.0,5.6622,1,1
1347,52,8.0,3.58,1,1
1348,42,8.0,1.2659,0,1
1349,37,16.0,8.3565,1,1
1350,41,15.0,0.6304,0,0
1351,57,8.0,1.7723,1,1
1352,63,6.0,5.3986,1,1
1353,46,9.0,1.8429,0,0
1354,21,7.0,2.1885,0,1
1355,58,3.0,0.7594,1,1
1356,24,16.0,2.7031,1,1
1357,62,12.0,1.4974,1,1
1358,36,19.0,8.6696,1,1
1359,70,16.0,2.8311,1,1
1360,31,12.0,2.917,1,1
1361,55,16.0,4.6408,1,1
1362,36,9.0,1.8967,1,1
1363,37,13.0,5.9469,1,1
1364,66,12.0,0.5523,0,1
1365,29,19.0,3.8606,1,1
1366,26,16.0,3.2949,1,1
1367,43,12.0,7.8949,1,1
1368,38,9.0,2.4868,1,1
1369,35,12.0,3.3558,1,1
1370,44,8.0,6.7838,1,1
1371,77,8.0,1.655,0,1
1372,44,14.0,10.0376,1,1
1373,56,7.0,0.2649,1,1
1374,27,6.0,0.6911,0,1
1375,39,16.0,1.8429,1,1
1376,51,15.0,5.6622,1,0
1377,44,12.0,2.4811,1,1
1378,35,19.0,3.0639999999999996,1,1
1379,60,12.0,5.3986,1,1
1380,53,12.0,1.3566,1,1
1381,43,16.0,7.7751,1,1
1382,21,14.0,1.3566,1,0
1383,36,12.0,3.58,1,1
1384,76,10.0,1.2659,1,1
1385,35,12.0,2.917,1,1
1386,56,7.0,3.3458,1,1
1387,82,12.0,1.5788,1,0
1388,23,8.0,0.7953,0,0
1389,25,12.0,3.8797,1,0
1390,39,12.0,4.4312,1,1
1391,52,8.0,2.7852,1,1
1392,51,14.0,4.8954,1,1
1393,64,7.0,1.8429,1,1
1394,32,8.0,3.46,0,1
1395,20,12.0,3.7042,1,1
1396,75,0.0,2.3866,1,1
1397,29,16.0,2.2092,1,1
1398,62,14.0,1.4927,1,1
1399,60,12.0,6.7838,1,1
1400,55,14.0,5.6622,1,1
1401,30,9.0,0.9214,0,1
1402,20,13.0,1.1893,1,1
1403,34,17.0,9.5029,0,1
1404,44,12.0,4.0702,1,1
1405,67,6.0,1.6049,0,1
1406,40,8.0,2.4811,1,1
1407,38,13.0,5.6622,1,1
1408,50,12.0,2.4803,0,1
1409,60,10.0,2.3866,1,1
1410,53,12.0,4.669,1,1
1411,29,14.0,4.4578,0,1
1412,80,5.0,0.7294,0,0
1413,39,16.0,2.1319,1,0
1414,34,12.0,2.7852,1,1
1415,48,9.0,0.973,1,1
1416,39,12.0,8.722000000000001,1,1
1417,57,6.0,1.5879,1,1
1418,72,0.0,0.253,0,1
1419,75,13.0,0.2364,1,1
1420,33,14.0,1.6218,0,1
1421,52,8.0,4.669,0,1
1422,23,10.0,3.58,0,1
1423,34,9.0,3.58,1,0
1424,31,9.0,0.6765,1,1
1425,32,12.0,5.3986,1,1
1426,86,9.0,0.4118,0,1
1427,35,14.0,1.655,0,1
1428,57,10.0,6.3304,1,1
1429,35,14.0,3.58,1,1
1430,35,12.0,7.8949,1,1
1431,52,8.0,5.1229,1,1
1432,39,14.0,3.1676,1,1
1433,52,9.0,3.7042,1,1
1434,23,14.0,0.9457,1,0
1435,63,14.0,8.7545,0,1
1436,56,14.0,3.4183,1,0
1437,59,12.0,3.46,1,1
1438,29,14.0,8.4934,1,1
1439,58,10.0,0.9689,1,1
1440,30,11.0,3.4183,1,1
1441,34,11.0,2.3866,1,1
1442,33,15.0,6.274,1,1
1443,37,16.0,12.4066,1,1
1444,42,12.0,8.722000000000001,1,1
1445,57,17.0,4.8901,1,0
1446,31,12.0,1.2659,1,1
1447,40,16.0,2.8311,1,1
1448,21,14.0,0.5813,1,1
1449,24,12.0,1.0212,0,1
1450,34,12.0,3.7042,1,1
1451,21,14.0,3.2949,0,1
1452,54,12.0,10.64,1,1
1453,24,12.0,3.7042,0,0
1454,19,12.0,1.8127,1,0
1455,30,13.0,4.8954,1,1
1456,27,13.0,4.2313,1,1
1457,37,12.0,1.4974,0,1
1458,72,12.0,3.8606,1,1
1459,30,10.0,2.3866,1,1
1460,78,8.0,0.2253,0,1
1461,26,12.0,3.2449,0,0
1462,24,16.0,2.917,1,1
1463,30,16.0,11.8939,1,1
1464,65,5.0,1.8561,1,1
1465,67,12.0,2.1279,1,1
1466,72,12.0,2.2706,1,1
1467,36,19.0,8.4934,1,1
1468,51,11.0,1.6472,0,1
1469,65,13.0,1.5879,1,1
1470,47,12.0,11.2351,1,1
1471,64,6.0,2.9193,1,0
1472,72,19.0,4.0702,1,1
1473,33,16.0,3.9394,1,1
1474,65,10.0,8.6696,1,1
1475,60,19.0,13.3041,1,1
1476,88,14.0,0.978,1,1
1477,56,9.0,1.3131,1,1
1478,50,16.0,7.7751,1,1
1479,66,14.0,0.7953,1,1
1480,37,12.0,3.3834,1,1
1481,36,12.0,2.2092,0,1
1482,20,12.0,4.2313,0,0
1483,67,13.0,8.7545,1,1
1484,27,10.0,4.6408,1,1
1485,45,12.0,7.5945,1,1
1486,27,13.0,3.7042,0,1
1487,38,8.0,3.4183,1,1
1488,61,8.0,3.4183,1,1
1489,52,12.0,6.274,1,1
1490,37,10.0,4.4312,1,1
1491,46,12.0,7.8949,1,1
1492,57,12.0,3.7435,1,1
1493,49,13.0,9.5029,1,1
1494,21,13.0,1.8429,0,1
1495,35,14.0,7.5945,1,1
1496,25,12.0,6.9491,1,1
1497,21,10.0,7.0036,0,1
1498,29,12.0,7.7751,1,1
1499,48,15.0,3.46,1,1
1500,29,12.0,1.2094,0,1
1501,49,14.0,5.9469,1,1
1502,66,14.0,7.5945,0,1
1503,33,12.0,4.0006,0,1
1504,23,12.0,3.2449,0,0
1505,28,14.0,2.4193,1,1
1506,77,8.0,1.8967,1,1
1507,46,17.0,6.274,0,1
1508,60,8.0,0.7294,0,1
1509,37,16.0,7.7751,1,1
1510,80,9.0,1.261,1,1
1511,70,8.0,2.5545,1,1
1512,22,12.0,1.7443,1,1
1513,80,12.0,3.8797,1,1
1514,28,16.0,4.669,1,1
1515,24,11.0,4.4312,1,1
1516,62,10.0,1.0942,0,0
1517,25,12.0,4.0702,1,1
1518,75,9.0,1.4055,0,1
1519,31,11.0,2.4803,1,1
1520,84,7.0,1.3566,1,1
1521,81,16.0,1.261,1,1
1522,68,17.0,13.3041,1,1
1523,50,10.0,3.3834,1,1
1524,56,12.0,0.7953,1,1
1525,33,12.0,1.1893,1,1
1526,20,12.0,5.4713,1,1
1527,41,14.0,6.3304,1,1
1528,40,14.0,2.7068,1,1
1529,52,12.0,0.6177,0,1
1530,69,17.0,13.3041,1,1
1531,74,4.0,1.3131,1,0
1532,54,12.0,3.3834,0,1
1533,44,12.0,8.722000000000001,1,1
1534,29,13.0,2.4868,1,1
1535,24,13.0,2.2856,0,1
1536,30,13.0,1.1046,0,1
1537,41,14.0,2.7852,1,1
1538,39,19.0,11.3918,1,1
1539,54,12.0,5.2331,0,1
1540,46,19.0,11.6294,1,1
1541,33,8.0,6.6298,1,1
1542,65,7.0,0.7594,0,0
1543,59,10.0,1.655,0,1
1544,45,12.0,6.3352,1,1
1545,32,12.0,6.0903,1,1
1546,86,7.0,0.7568,1,1
1547,52,6.0,0.9214,1,1
1548,41,11.0,2.3866,1,1
1549,37,12.0,3.3102,1,0
1550,48,8.0,2.2788,1,1
1551,35,14.0,5.6622,1,1
1552,26,4.0,1.2659,1,0
1553,38,13.0,3.7435,1,1
1554,35,12.0,8.7517,1,1
1555,41,16.0,5.9469,1,0
1556,33,14.0,4.9624,1,1
1557,48,12.0,6.6992,1,1
1558,41,19.0,7.8949,1,1
1559,41,12.0,2.7068,1,0
1560,64,12.0,2.1279,1,1
1561,26,12.0,2.7852,1,1
1562,28,12.0,4.6493,1,1
1563,45,15.0,5.6622,1,1
1564,44,12.0,2.2788,1,1
1565,19,12.0,4.4876,0,0
1566,50,16.0,11.3918,1,1
1567,23,12.0,1.0212,0,0
1568,43,8.0,0.253,1,0
1569,51,15.0,4.8954,1,1
1570,41,16.0,2.5196,0,1
1571,38,12.0,3.4183,1,1
1572,50,14.0,11.2351,1,1
1573,42,19.0,4.8954,1,1
1574,31,12.0,4.4876,0,1
1575,63,17.0,1.8967,1,1
1576,36,13.0,6.3352,1,1
1577,43,12.0,6.3304,1,1
1578,77,6.0,1.261,0,1
1579,39,3.0,1.8429,0,0
1580,51,12.0,3.1356,1,0
1581,63,12.0,0.7953,0,1
1582,27,11.0,6.6298,0,1
1583,58,9.0,6.3304,1,1
1584,54,12.0,2.2706,1,1
1585,39,16.0,6.7838,1,0
1586,35,12.0,4.6493,0,1
1587,29,12.0,4.2313,1,1
1588,25,14.0,3.3834,1,1
1589,52,7.0,2.2788,1,1
1590,21,14.0,1.7443,1,1
1591,53,12.0,6.7838,1,1
1592,21,15.0,0.1544,1,1
1593,47,12.0,14.9247,1,1
1594,80,12.0,1.3131,1,1
1595,92,2.0,1.4498,1,0
1596,31,14.0,5.1229,1,1
1597,63,11.0,3.3102,1,1
1598,31,12.0,4.9624,0,1
1599,72,4.0,0.5813,0,1
1600,33,16.0,3.3102,1,1
1601,31,16.0,3.9394,1,0
1602,53,12.0,6.3352,1,1
1603,65,12.0,0.8284,0,1
1604,34,12.0,3.3834,1,1
1605,28,12.0,8.7545,0,1
1606,27,12.0,1.4398,0,1
1607,67,1.0,0.253,0,0
1608,65,10.0,1.8967,0,1
1609,19,12.0,2.1885,0,0
1610,24,13.0,4.3348,1,1
1611,33,12.0,4.8901,1,1
1612,37,16.0,3.3458,0,1
1613,44,12.0,2.3866,1,1
1614,64,12.0,4.4578,0,1
1615,36,11.0,2.4189,0,1
1616,67,12.0,1.4498,1,1
1617,21,14.0,7.7751,1,1
1618,34,15.0,11.2307,1,1
1619,52,9.0,3.6476,1,1
1620,70,10.0,2.3866,1,1
1621,36,12.0,4.0702,1,1
1622,23,10.0,1.3566,0,1
1623,61,12.0,2.0021,1,1
1624,48,16.0,8.3565,1,1
1625,37,14.0,4.3754,1,1
1626,57,10.0,1.8429,1,1
1627,21,15.0,3.7435,1,1
1628,32,11.0,2.7068,0,1
1629,82,9.0,0.4607,1,1
1630,31,14.0,4.4312,1,1
1631,25,14.0,4.2313,1,1
1632,67,12.0,2.2706,0,1
1633,36,8.0,1.8561,0,1
1634,28,12.0,5.4713,1,1
1635,46,14.0,4.6408,1,1
1636,52,12.0,9.5029,1,1
1637,62,19.0,2.8311,1,1
1638,33,13.0,1.4498,1,1
1639,20,14.0,2.1319,1,1
1640,34,16.0,3.4183,1,0
1641,45,16.0,6.3352,0,1
1642,61,9.0,2.8997,1,1
1643,50,8.0,0.6911,0,0
1644,21,12.0,3.7435,1,1
1645,19,13.0,0.6177,1,1
1646,34,12.0,3.7042,1,1
1647,53,7.0,0.7594,1,1
1648,28,9.0,2.4803,0,1
1649,57,8.0,3.2949,0,1
1650,66,16.0,5.2331,1,1
1651,40,14.0,6.6298,1,1
1652,58,10.0,4.4312,1,1
1653,58,12.0,9.1907,1,1
1654,69,8.0,1.3566,0,1
1655,46,14.0,1.555,1,0
1656,60,11.0,1.0942,1,1
1657,50,16.0,11.2351,1,1
1658,40,13.0,3.7435,1,0
1659,36,13.0,0.2917,1,1
1660,26,14.0,4.3348,1,1
1661,22,12.0,0.6304,1,0
1662,69,4.0,0.7594,0,0
1663,42,10.0,3.9394,0,1
1664,42,17.0,11.2307,1,0
1665,34,9.0,3.8797,1,1
1666,36,8.0,2.7852,0,1
1667,45,17.0,8.7545,1,0
1668,66,7.0,3.3834,1,1
1669,36,19.0,4.4876,1,1
1670,41,12.0,4.4578,1,1
1671,54,9.0,4.4312,1,1
1672,19,12.0,8.722000000000001,1,1
1673,29,12.0,5.4713,1,1
1674,35,12.0,3.7042,1,1
1675,49,12.0,5.2331,1,1
1676,82,10.0,0.8284,0,1
1677,36,13.0,3.1676,1,1
1678,31,16.0,8.7517,1,1
1679,67,12.0,4.4578,1,1
1680,35,6.0,2.7852,0,0
1681,22,11.0,2.5196,0,0
1682,70,14.0,5.8684,1,1
1683,62,13.0,5.9469,1,1
1684,48,7.0,3.4183,1,0
1685,31,12.0,4.8954,1,1
1686,72,11.0,1.1893,1,1
1687,54,11.0,3.3558,1,1
1688,33,14.0,2.2856,1,1
1689,72,7.0,1.0212,0,1
1690,25,14.0,3.7042,0,1
1691,77,9.0,0.2253,0,1
1692,37,14.0,5.1229,1,1
1693,67,10.0,0.5813,1,0
1694,27,15.0,1.5879,1,1
1695,33,17.0,4.8954,1,0
1696,45,16.0,8.7517,1,1
1697,79,12.0,1.0212,1,1
1698,25,14.0,6.7838,0,1
1699,72,12.0,2.0299,1,1
1700,37,12.0,3.4183,0,1
1701,45,17.0,9.5029,1,1
1702,49,12.0,2.4189,0,1
1703,55,6.0,0.253,0,0
1704,63,11.0,1.4055,1,1
1705,47,6.0,1.7723,0,1
1706,26,12.0,0.6765,1,1
1707,36,12.0,3.7042,1,0
1708,70,8.0,1.7443,1,1
1709,39,12.0,4.4312,1,1
1710,23,16.0,3.2949,1,1
1711,34,14.0,2.7852,1,0
1712,35,13.0,4.3754,0,1
1713,58,12.0,6.3352,1,1
1714,51,12.0,4.3348,1,1
1715,22,14.0,4.9624,0,1
1716,28,16.0,7.0036,1,1
1717,37,16.0,6.3304,1,1
1718,24,12.0,3.7972,0,1
1719,67,19.0,5.1229,1,1
1720,23,10.0,2.3866,0,1
1721,30,8.0,8.7545,1,0
1722,50,10.0,4.2857,1,1
1723,22,13.0,0.7568,1,1
1724,26,11.0,3.0639999999999996,0,1
1725,68,13.0,3.7435,1,1
1726,50,11.0,4.0702,1,1
1727,32,19.0,14.9247,1,1
1728,83,7.0,0.7953,0,1
1729,77,12.0,0.978,1,1
1730,45,14.0,4.8901,1,1
1731,32,16.0,2.4868,1,1
1732,43,12.0,5.178,0,1
1733,51,12.0,4.6408,1,1
1734,78,9.0,1.6472,1,1
1735,42,13.0,5.8684,1,1
1736,74,12.0,1.726,1,1
1737,75,4.0,0.7594,1,1
1738,87,10.0,0.5813,1,1
1739,28,12.0,3.2949,0,1
1740,46,7.0,0.7594,1,0
1741,45,12.0,2.9161,1,1
1742,52,12.0,3.6476,1,1
1743,50,12.0,3.4183,1,1
1744,84,9.0,1.1277,0,1
1745,86,8.0,0.2253,0,1
1746,29,11.0,3.9394,1,1
1747,36,17.0,4.3348,1,1
1748,26,12.0,3.7042,1,1
1749,78,16.0,1.3131,1,1
1750,29,13.0,3.0639999999999996,0,1
1751,32,17.0,4.3195,1,1
1752,25,12.0,4.0702,1,1
1753,79,8.0,1.261,1,1
1754,72,8.0,4.4312,0,1
1755,69,12.0,8.3565,1,1
1756,26,12.0,1.8967,1,0
1757,69,12.0,2.522,1,1
1758,49,14.0,11.2307,1,1
1759,43,9.0,0.9689,1,1
1760,18,10.0,0.2364,1,1
1761,42,19.0,4.4876,1,1
1762,37,14.0,2.8311,1,1
1763,24,12.0,7.0281,1,0
1764,57,16.0,3.8606,0,1
1765,39,14.0,8.722000000000001,1,1
1766,22,13.0,4.6493,0,0
1767,42,12.0,1.7723,1,0
1768,42,12.0,3.4183,1,1
1769,53,19.0,10.1506,1,1
1770,23,12.0,1.3566,0,1
1771,30,13.0,5.178,0,1
1772,54,19.0,9.5029,1,1
1773,23,16.0,0.2364,1,1
1774,40,12.0,0.2649,1,1
1775,43,12.0,8.7517,1,1
1776,59,12.0,0.2917,0,0
1777,30,11.0,3.8797,1,1
1778,49,14.0,2.4193,0,1
1779,26,12.0,1.5788,0,0
1780,63,4.0,2.2092,0,1
1781,59,10.0,2.0299,1,1
1782,21,12.0,1.8561,1,1
1783,71,8.0,2.5545,1,1
1784,64,14.0,3.3458,1,1
1785,18,11.0,3.6476,0,1
1786,21,8.0,2.7852,0,0
1787,25,11.0,2.0543,0,1
1788,37,12.0,6.7838,1,1
1789,63,8.0,3.9394,1,1
1790,56,15.0,3.46,1,1
1791,23,16.0,0.2071,1,1
1792,66,16.0,4.6408,1,1
1793,47,16.0,8.3565,1,1
1794,39,17.0,10.0376,1,1
1795,46,14.0,11.8908,1,1
1796,39,15.0,6.9491,1,0
1797,60,8.0,2.5545,1,0
1798,82,10.0,1.5788,0,1
1799,67,8.0,1.3257,1,1
1800,52,12.0,3.1676,0,1
1801,24,10.0,0.7594,0,0
1802,26,11.0,1.3257,1,0
1803,21,14.0,1.2094,1,0
1804,26,9.0,2.7852,1,1
1805,31,17.0,4.4876,0,1
1806,58,12.0,9.1907,1,1
1807,34,16.0,5.4713,1,0
1808,47,16.0,7.5945,1,1
1809,57,12.0,4.4312,1,1
1810,21,12.0,1.2094,1,1
1811,31,11.0,2.7068,0,1
1812,31,12.0,2.4803,1,1
1813,57,12.0,1.4055,1,1
1814,52,13.0,2.522,1,1
1815,41,12.0,2.2788,0,1
1816,41,9.0,4.6408,1,1
1817,27,12.0,4.8901,0,1
1818,51,13.0,7.7751,1,1
1819,75,12.0,3.1676,1,1
1820,21,12.0,2.9072,0,1
1821,47,8.0,2.7852,1,1
1822,42,19.0,8.7517,1,1
1823,72,14.0,4.8954,1,1
1824,46,12.0,4.6493,0,1
1825,29,12.0,5.3986,1,1
1826,82,8.0,0.8284,0,1
1827,45,12.0,6.6298,1,1
1828,32,16.0,1.5879,1,1
1829,65,9.0,2.3866,1,1
1830,21,12.0,2.7852,1,1
1831,66,17.0,8.4934,1,1
1832,26,16.0,1.8967,0,1
1833,40,13.0,6.274,1,1
1834,29,12.0,4.2313,1,1
1835,71,12.0,0.9689,0,1
1836,28,13.0,9.3205,1,0
1837,57,8.0,3.3558,0,1
1838,23,12.0,2.1319,1,1
1839,40,13.0,0.4607,0,1
1840,79,5.0,0.5813,1,1
1841,46,19.0,11.8908,1,1
1842,24,12.0,0.9689,0,1
1843,22,12.0,3.7042,0,1
1844,54,7.0,0.2364,1,0
1845,79,16.0,1.9045,1,1
1846,39,19.0,6.3352,1,1
1847,77,14.0,1.3566,1,1
1848,69,12.0,1.6218,1,1
1849,19,12.0,2.5196,0,1
1850,20,13.0,0.4118,0,1
1851,23,12.0,1.7723,0,1
1852,36,14.0,6.9491,1,1
1853,22,12.0,9.1907,1,1
1854,29,12.0,5.9469,1,1
1855,65,0.0,0.2253,0,1
1856,22,16.0,0.0,1,1
1857,70,14.0,2.522,1,1
1858,71,7.0,0.7294,1,1
1859,32,12.0,3.0639999999999996,0,1
1860,23,12.0,1.655,1,0
1861,54,10.0,1.2659,1,1
1862,65,12.0,11.2351,1,1
1863,83,10.0,0.7568,0,0
1864,32,16.0,6.7838,1,1
1865,47,12.0,5.9111,0,0
1866,28,17.0,5.9111,1,1
1867,50,12.0,3.8797,1,1
1868,45,19.0,11.8908,1,1
1869,45,19.0,5.6622,1,1
1870,25,12.0,4.3348,1,1
1871,21,10.0,2.4189,0,1
1872,46,12.0,5.2331,1,1
1873,62,14.0,2.9072,1,1
1874,72,10.0,1.3246,0,1
1875,55,12.0,3.7435,1,1
1876,68,13.0,3.2449,1,1
1877,39,12.0,4.4312,1,1
1878,28,14.0,4.669,1,1
1879,48,6.0,0.5523,0,0
1880,35,12.0,1.3246,1,1
1881,40,14.0,3.3834,0,1
1882,62,4.0,0.7594,1,0
1883,36,16.0,11.2307,1,1
1884,22,14.0,0.2364,1,1
1885,27,9.0,11.6294,0,1
1886,55,12.0,4.6493,1,0
1887,41,19.0,11.8908,1,1
1888,75,0.0,0.2649,0,0
1889,59,12.0,3.46,1,1
1890,25,13.0,3.8606,1,1
1891,53,8.0,6.3304,1,1
1892,26,12.0,5.2331,1,1
1893,56,12.0,6.0903,0,1
1894,25,19.0,3.3834,1,1
1895,42,12.0,5.9111,1,1
1896,69,5.0,0.7294,1,1
1897,33,11.0,1.1839,0,1
1898,21,12.0,2.5196,1,1
1899,73,12.0,1.9045,1,1
1900,46,13.0,5.3986,1,1
1901,42,10.0,3.3834,0,1
1902,66,19.0,7.5945,1,1
1903,22,16.0,9.5029,1,1
1904,73,16.0,2.4189,0,1
1905,58,16.0,6.3352,1,1
1906,46,16.0,4.3754,1,1
1907,29,12.0,4.0006,0,1
1908,61,6.0,6.6992,1,1
1909,78,8.0,0.9689,0,1
1910,30,16.0,6.3352,0,1
1911,32,13.0,2.2092,1,1
1912,58,12.0,3.7435,1,1
1913,39,8.0,3.2949,1,1
1914,82,13.0,0.7568,0,0
1915,29,12.0,0.2364,1,0
1916,35,13.0,11.2351,1,1
1917,56,7.0,1.8561,0,1
1918,28,12.0,3.4183,0,1
1919,25,12.0,3.3102,0,1
1920,31,14.0,3.1356,0,1
1921,51,19.0,11.2351,1,1
1922,38,7.0,3.4183,1,0
1923,46,12.0,12.4066,1,1
1924,50,12.0,2.522,1,1
1925,53,16.0,1.7723,1,1
1926,42,8.0,5.2331,0,1
1927,22,9.0,1.3566,0,1
1928,44,11.0,2.917,0,1
1929,26,14.0,3.4183,1,1
1930,34,12.0,3.2949,0,1
1931,64,14.0,2.4189,1,1
1932,38,7.0,1.5788,0,0
1933,46,12.0,5.3986,1,1
1934,53,12.0,1.3131,0,0
1935,28,12.0,5.9111,0,1
1936,36,12.0,4.669,0,1
1937,43,8.0,12.4066,0,1
1938,26,12.0,3.1676,1,0
1939,53,12.0,1.6472,0,1
1940,67,9.0,5.178,1,1
1941,82,8.0,1.261,1,1
1942,69,8.0,2.2706,1,1
1943,79,12.0,1.9703,1,1
1944,70,7.0,2.2788,1,1
1945,23,12.0,1.8967,1,1
1946,41,12.0,5.2331,1,1
1947,29,16.0,2.2856,1,1
1948,78,16.0,2.3866,1,1
1949,33,16.0,3.6476,1,1
1950,64,10.0,1.6472,1,1
1951,38,11.0,4.2313,1,1
1952,56,12.0,4.4312,1,1
1953,68,6.0,0.7594,0,0
1954,75,14.0,3.8606,1,1
1955,41,19.0,14.9247,1,1
1956,37,16.0,11.2307,1,1
1957,52,10.0,1.5788,1,1
1958,67,6.0,2.7068,1,1
1959,43,14.0,6.3304,1,1
1960,35,12.0,0.5523,0,1
1961,63,12.0,1.1277,1,1
1962,48,16.0,6.5589,0,1
1963,23,16.0,2.4189,1,1
1964,56,12.0,6.9491,1,1
1965,52,12.0,5.4713,1,1
1966,73,12.0,1.9703,1,1
1967,30,16.0,3.6476,1,1
1968,28,11.0,2.1309,0,1
1969,44,14.0,8.722000000000001,1,1
1970,57,17.0,2.8997,1,1
1971,24,16.0,6.9491,1,1
1972,71,14.0,6.7838,1,1
1973,30,19.0,4.2857,1,0
1974,66,12.0,9.1907,1,1
1975,37,14.0,3.3102,1,1
1976,24,12.0,0.1727,0,0
1977,27,14.0,6.0903,1,1
1978,32,12.0,2.5196,0,1
1979,47,12.0,2.7852,0,1
1980,51,14.0,4.0702,0,1
1981,60,11.0,1.3566,1,1
1982,43,11.0,1.5788,1,0
1983,26,13.0,4.8954,1,1
1984,50,8.0,2.2788,1,1
1985,39,12.0,3.4183,1,1
1986,78,8.0,1.3566,1,1
1987,24,11.0,3.4183,1,1
1988,62,9.0,0.7294,0,0
1989,74,12.0,2.8311,1,1
1990,48,9.0,2.2788,1,1
1991,76,7.0,1.3566,1,1
1992,30,19.0,3.58,1,1
1993,28,12.0,6.3304,1,1
1994,58,12.0,0.1936,0,1
1995,22,7.0,0.2364,0,1
1996,26,16.0,3.3834,0,1
1997,34,12.0,2.917,1,1
1998,51,16.0,7.8949,1,1
1999,22,10.0,2.4811,0,1
2000,59,10.0,0.5523,0,1
